{"recall": 0.7878886055677767, "loss": 0.21291196560766878, "_timestamp": 1676302139.5206988, "_runtime": 18.369571685791016, "_step": 7, "_wandb": {"runtime": 16}}