{"acc": 0.8749484282591211, "loss": 0.1115487395298245, "_timestamp": 1676297562.2543182, "_runtime": 15.377605199813843, "_step": 7, "_wandb": {"runtime": 13}}