{"recall": 0.99, "_timestamp": 1676302306.4570386, "_runtime": 10.451329708099365, "_step": 7, "_wandb": {"runtime": 9}}