{"recall": 0.99, "_timestamp": 1676363495.1009245, "_runtime": 19.92837953567505, "_step": 7, "_wandb": {"runtime": 18}}