{"recall": 0.8114593651388192, "loss": 0.23948553457190588, "_timestamp": 1676301625.7224963, "_runtime": 17.24965238571167, "_step": 7, "_wandb": {"runtime": 16}}