{"recall": 0.9336241932264483, "loss": 0.12030347038216332, "_timestamp": 1676297726.967398, "_runtime": 10.058859825134277, "_step": 7, "_wandb": {"runtime": 8}}