{"recall": 0.9239013024855611, "loss": 0.07818494581683154, "_timestamp": 1676300203.277808, "_runtime": 10.934689044952393, "_step": 7, "_wandb": {"runtime": 9}}